match_id,season,start_date,venue,innings,ball,batting_team,bowling_team,striker,non_striker,bowler,runs_off_bat,extras,wides,noballs,byes,legbyes,penalty,wicket_type,player_dismissed,other_wicket_type,other_player_dismissed
419125,2009/10,2010-03-25,Brabourne Stadium,1,0.1,Chennai Super Kings,Mumbai Indians,PA Patel,ML Hayden,R McLaren,1,0,,,,,,,,,
419125,2009/10,2010-03-25,Brabourne Stadium,1,0.2,Chennai Super Kings,Mumbai Indians,ML Hayden,PA Patel,R McLaren,0,1,1,,,,,,,,
419125,2009/10,2010-03-25,Brabourne Stadium,1,0.3,Chennai Super Kings,Mumbai Indians,ML Hayden,PA Patel,R McLaren,1,0,,,,,,,,,
419125,2009/10,2010-03-25,Brabourne Stadium,1,0.4,Chennai Super Kings,Mumbai Indians,PA Patel,ML Hayden,R McLaren,0,0,,,,,,,,,
419125,2009/10,2010-03-25,Brabourne Stadium,1,0.5,Chennai Super Kings,Mumbai Indians,PA Patel,ML Hayden,R McLaren,0,0,,,,,,,,,
419125,2009/10,2010-03-25,Brabourne Stadium,1,0.6,Chennai Super Kings,Mumbai Indians,PA Patel,ML Hayden,R McLaren,2,0,,,,,,,,,
419125,2009/10,2010-03-25,Brabourne Stadium,1,0.7,Chennai Super Kings,Mumbai Indians,PA Patel,ML Hayden,R McLaren,0,0,,,,,,,,,
419125,2009/10,2010-03-25,Brabourne Stadium,1,1.1,Chennai Super Kings,Mumbai Indians,ML Hayden,PA Patel,Z Khan,0,1,1,,,,,,,,
419125,2009/10,2010-03-25,Brabourne Stadium,1,1.2,Chennai Super Kings,Mumbai Indians,ML Hayden,PA Patel,Z Khan,0,0,,,,,,,,,
419125,2009/10,2010-03-25,Brabourne Stadium,1,1.3,Chennai Super Kings,Mumbai Indians,ML Hayden,PA Patel,Z Khan,4,0,,,,,,,,,
419125,2009/10,2010-03-25,Brabourne Stadium,1,1.4,Chennai Super Kings,Mumbai Indians,ML Hayden,PA Patel,Z Khan,4,0,,,,,,,,,
419125,2009/10,2010-03-25,Brabourne Stadium,1,1.5,Chennai Super Kings,Mumbai Indians,ML Hayden,PA Patel,Z Khan,4,0,,,,,,,,,
419125,2009/10,2010-03-25,Brabourne Stadium,1,1.6,Chennai Super Kings,Mumbai Indians,ML Hayden,PA Patel,Z Khan,4,0,,,,,,,,,
419125,2009/10,2010-03-25,Brabourne Stadium,1,1.7,Chennai Super Kings,Mumbai Indians,ML Hayden,PA Patel,Z Khan,0,0,,,,,,,,,
419125,2009/10,2010-03-25,Brabourne Stadium,1,2.1,Chennai Super Kings,Mumbai Indians,PA Patel,ML Hayden,R McLaren,0,0,,,,,,,,,
419125,2009/10,2010-03-25,Brabourne Stadium,1,2.2,Chennai Super Kings,Mumbai Indians,PA Patel,ML Hayden,R McLaren,0,1,,,,1,,,,,
419125,2009/10,2010-03-25,Brabourne Stadium,1,2.3,Chennai Super Kings,Mumbai Indians,ML Hayden,PA Patel,R McLaren,2,0,,,,,,,,,
419125,2009/10,2010-03-25,Brabourne Stadium,1,2.4,Chennai Super Kings,Mumbai Indians,ML Hayden,PA Patel,R McLaren,0,0,,,,,,,,,
419125,2009/10,2010-03-25,Brabourne Stadium,1,2.5,Chennai Super Kings,Mumbai Indians,ML Hayden,PA Patel,R McLaren,1,0,,,,,,,,,
419125,2009/10,2010-03-25,Brabourne Stadium,1,2.6,Chennai Super Kings,Mumbai Indians,PA Patel,ML Hayden,R McLaren,0,1,1,,,,,,,,
419125,2009/10,2010-03-25,Brabourne Stadium,1,2.7,Chennai Super Kings,Mumbai Indians,PA Patel,ML Hayden,R McLaren,4,0,,,,,,,,,
419125,2009/10,2010-03-25,Brabourne Stadium,1,3.1,Chennai Super Kings,Mumbai Indians,ML Hayden,PA Patel,Harbhajan Singh,0,1,1,,,,,,,,
419125,2009/10,2010-03-25,Brabourne Stadium,1,3.2,Chennai Super Kings,Mumbai Indians,ML Hayden,PA Patel,Harbhajan Singh,0,0,,,,,,,,,
419125,2009/10,2010-03-25,Brabourne Stadium,1,3.3,Chennai Super Kings,Mumbai Indians,ML Hayden,PA Patel,Harbhajan Singh,0,0,,,,,,lbw,ML Hayden,,
419125,2009/10,2010-03-25,Brabourne Stadium,1,3.4,Chennai Super Kings,Mumbai Indians,SK Raina,PA Patel,Harbhajan Singh,0,0,,,,,,,,,
419125,2009/10,2010-03-25,Brabourne Stadium,1,3.5,Chennai Super Kings,Mumbai Indians,SK Raina,PA Patel,Harbhajan Singh,2,0,,,,,,,,,
419125,2009/10,2010-03-25,Brabourne Stadium,1,3.6,Chennai Super Kings,Mumbai Indians,SK Raina,PA Patel,Harbhajan Singh,0,0,,,,,,,,,
419125,2009/10,2010-03-25,Brabourne Stadium,1,3.7,Chennai Super Kings,Mumbai Indians,SK Raina,PA Patel,Harbhajan Singh,2,0,,,,,,,,,
419125,2009/10,2010-03-25,Brabourne Stadium,1,4.1,Chennai Super Kings,Mumbai Indians,PA Patel,SK Raina,R McLaren,0,0,,,,,,,,,
419125,2009/10,2010-03-25,Brabourne Stadium,1,4.2,Chennai Super Kings,Mumbai Indians,PA Patel,SK Raina,R McLaren,0,0,,,,,,,,,
419125,2009/10,2010-03-25,Brabourne Stadium,1,4.3,Chennai Super Kings,Mumbai Indians,PA Patel,SK Raina,R McLaren,1,0,,,,,,,,,
419125,2009/10,2010-03-25,Brabourne Stadium,1,4.4,Chennai Super Kings,Mumbai Indians,SK Raina,PA Patel,R McLaren,0,0,,,,,,,,,
419125,2009/10,2010-03-25,Brabourne Stadium,1,4.5,Chennai Super Kings,Mumbai Indians,SK Raina,PA Patel,R McLaren,1,0,,,,,,,,,
419125,2009/10,2010-03-25,Brabourne Stadium,1,4.6,Chennai Super Kings,Mumbai Indians,PA Patel,SK Raina,R McLaren,0,0,,,,,,bowled,PA Patel,,
419125,2009/10,2010-03-25,Brabourne Stadium,1,5.1,Chennai Super Kings,Mumbai Indians,SK Raina,S Badrinath,DJ Bravo,6,0,,,,,,,,,
419125,2009/10,2010-03-25,Brabourne Stadium,1,5.2,Chennai Super Kings,Mumbai Indians,SK Raina,S Badrinath,DJ Bravo,4,0,,,,,,,,,
419125,2009/10,2010-03-25,Brabourne Stadium,1,5.3,Chennai Super Kings,Mumbai Indians,SK Raina,S Badrinath,DJ Bravo,1,0,,,,,,,,,
419125,2009/10,2010-03-25,Brabourne Stadium,1,5.4,Chennai Super Kings,Mumbai Indians,S Badrinath,SK Raina,DJ Bravo,1,0,,,,,,,,,
419125,2009/10,2010-03-25,Brabourne Stadium,1,5.5,Chennai Super Kings,Mumbai Indians,SK Raina,S Badrinath,DJ Bravo,0,0,,,,,,,,,
419125,2009/10,2010-03-25,Brabourne Stadium,1,5.6,Chennai Super Kings,Mumbai Indians,SK Raina,S Badrinath,DJ Bravo,1,0,,,,,,,,,
419125,2009/10,2010-03-25,Brabourne Stadium,1,6.1,Chennai Super Kings,Mumbai Indians,SK Raina,S Badrinath,Harbhajan Singh,1,0,,,,,,,,,
419125,2009/10,2010-03-25,Brabourne Stadium,1,6.2,Chennai Super Kings,Mumbai Indians,S Badrinath,SK Raina,Harbhajan Singh,1,0,,,,,,,,,
419125,2009/10,2010-03-25,Brabourne Stadium,1,6.3,Chennai Super Kings,Mumbai Indians,SK Raina,S Badrinath,Harbhajan Singh,1,0,,,,,,,,,
419125,2009/10,2010-03-25,Brabourne Stadium,1,6.4,Chennai Super Kings,Mumbai Indians,S Badrinath,SK Raina,Harbhajan Singh,1,0,,,,,,,,,
419125,2009/10,2010-03-25,Brabourne Stadium,1,6.5,Chennai Super Kings,Mumbai Indians,SK Raina,S Badrinath,Harbhajan Singh,0,0,,,,,,,,,
419125,2009/10,2010-03-25,Brabourne Stadium,1,6.6,Chennai Super Kings,Mumbai Indians,SK Raina,S Badrinath,Harbhajan Singh,0,0,,,,,,,,,
419125,2009/10,2010-03-25,Brabourne Stadium,1,7.1,Chennai Super Kings,Mumbai Indians,S Badrinath,SK Raina,DJ Bravo,0,0,,,,,,,,,
419125,2009/10,2010-03-25,Brabourne Stadium,1,7.2,Chennai Super Kings,Mumbai Indians,S Badrinath,SK Raina,DJ Bravo,0,0,,,,,,,,,
419125,2009/10,2010-03-25,Brabourne Stadium,1,7.3,Chennai Super Kings,Mumbai Indians,S Badrinath,SK Raina,DJ Bravo,0,0,,,,,,,,,
419125,2009/10,2010-03-25,Brabourne Stadium,1,7.4,Chennai Super Kings,Mumbai Indians,S Badrinath,SK Raina,DJ Bravo,0,1,,,,1,,,,,
419125,2009/10,2010-03-25,Brabourne Stadium,1,7.5,Chennai Super Kings,Mumbai Indians,SK Raina,S Badrinath,DJ Bravo,4,0,,,,,,,,,
419125,2009/10,2010-03-25,Brabourne Stadium,1,7.6,Chennai Super Kings,Mumbai Indians,SK Raina,S Badrinath,DJ Bravo,1,0,,,,,,,,,
419125,2009/10,2010-03-25,Brabourne Stadium,1,8.1,Chennai Super Kings,Mumbai Indians,SK Raina,S Badrinath,Harbhajan Singh,2,0,,,,,,,,,
419125,2009/10,2010-03-25,Brabourne Stadium,1,8.2,Chennai Super Kings,Mumbai Indians,SK Raina,S Badrinath,Harbhajan Singh,4,0,,,,,,,,,
419125,2009/10,2010-03-25,Brabourne Stadium,1,8.3,Chennai Super Kings,Mumbai Indians,SK Raina,S Badrinath,Harbhajan Singh,1,0,,,,,,,,,
419125,2009/10,2010-03-25,Brabourne Stadium,1,8.4,Chennai Super Kings,Mumbai Indians,S Badrinath,SK Raina,Harbhajan Singh,1,0,,,,,,,,,
419125,2009/10,2010-03-25,Brabourne Stadium,1,8.5,Chennai Super Kings,Mumbai Indians,SK Raina,S Badrinath,Harbhajan Singh,1,0,,,,,,,,,
419125,2009/10,2010-03-25,Brabourne Stadium,1,8.6,Chennai Super Kings,Mumbai Indians,S Badrinath,SK Raina,Harbhajan Singh,1,0,,,,,,,,,
419125,2009/10,2010-03-25,Brabourne Stadium,1,9.1,Chennai Super Kings,Mumbai Indians,S Badrinath,SK Raina,DJ Bravo,1,0,,,,,,,,,
419125,2009/10,2010-03-25,Brabourne Stadium,1,9.2,Chennai Super Kings,Mumbai Indians,SK Raina,S Badrinath,DJ Bravo,6,0,,,,,,,,,
419125,2009/10,2010-03-25,Brabourne Stadium,1,9.3,Chennai Super Kings,Mumbai Indians,SK Raina,S Badrinath,DJ Bravo,4,0,,,,,,,,,
419125,2009/10,2010-03-25,Brabourne Stadium,1,9.4,Chennai Super Kings,Mumbai Indians,SK Raina,S Badrinath,DJ Bravo,1,0,,,,,,,,,
419125,2009/10,2010-03-25,Brabourne Stadium,1,9.5,Chennai Super Kings,Mumbai Indians,S Badrinath,SK Raina,DJ Bravo,1,0,,,,,,,,,
419125,2009/10,2010-03-25,Brabourne Stadium,1,9.6,Chennai Super Kings,Mumbai Indians,SK Raina,S Badrinath,DJ Bravo,1,0,,,,,,,,,
419125,2009/10,2010-03-25,Brabourne Stadium,1,10.1,Chennai Super Kings,Mumbai Indians,SK Raina,S Badrinath,SL Malinga,2,0,,,,,,,,,
419125,2009/10,2010-03-25,Brabourne Stadium,1,10.2,Chennai Super Kings,Mumbai Indians,SK Raina,S Badrinath,SL Malinga,1,0,,,,,,,,,
419125,2009/10,2010-03-25,Brabourne Stadium,1,10.3,Chennai Super Kings,Mumbai Indians,S Badrinath,SK Raina,SL Malinga,0,0,,,,,,,,,
419125,2009/10,2010-03-25,Brabourne Stadium,1,10.4,Chennai Super Kings,Mumbai Indians,S Badrinath,SK Raina,SL Malinga,4,0,,,,,,,,,
419125,2009/10,2010-03-25,Brabourne Stadium,1,10.5,Chennai Super Kings,Mumbai Indians,S Badrinath,SK Raina,SL Malinga,0,1,1,,,,,,,,
419125,2009/10,2010-03-25,Brabourne Stadium,1,10.6,Chennai Super Kings,Mumbai Indians,S Badrinath,SK Raina,SL Malinga,1,0,,,,,,,,,
419125,2009/10,2010-03-25,Brabourne Stadium,1,10.7,Chennai Super Kings,Mumbai Indians,SK Raina,S Badrinath,SL Malinga,0,1,,,,1,,,,,
419125,2009/10,2010-03-25,Brabourne Stadium,1,11.1,Chennai Super Kings,Mumbai Indians,SK Raina,S Badrinath,Z Khan,1,0,,,,,,,,,
419125,2009/10,2010-03-25,Brabourne Stadium,1,11.2,Chennai Super Kings,Mumbai Indians,S Badrinath,SK Raina,Z Khan,0,0,,,,,,,,,
419125,2009/10,2010-03-25,Brabourne Stadium,1,11.3,Chennai Super Kings,Mumbai Indians,S Badrinath,SK Raina,Z Khan,2,0,,,,,,,,,
419125,2009/10,2010-03-25,Brabourne Stadium,1,11.4,Chennai Super Kings,Mumbai Indians,S Badrinath,SK Raina,Z Khan,1,0,,,,,,,,,
419125,2009/10,2010-03-25,Brabourne Stadium,1,11.5,Chennai Super Kings,Mumbai Indians,SK Raina,S Badrinath,Z Khan,0,1,,1,,,,,,,
419125,2009/10,2010-03-25,Brabourne Stadium,1,11.6,Chennai Super Kings,Mumbai Indians,SK Raina,S Badrinath,Z Khan,1,0,,,,,,,,,
419125,2009/10,2010-03-25,Brabourne Stadium,1,11.7,Chennai Super Kings,Mumbai Indians,S Badrinath,SK Raina,Z Khan,0,0,,,,,,,,,
419125,2009/10,2010-03-25,Brabourne Stadium,1,12.1,Chennai Super Kings,Mumbai Indians,SK Raina,S Badrinath,SL Malinga,1,0,,,,,,,,,
419125,2009/10,2010-03-25,Brabourne Stadium,1,12.2,Chennai Super Kings,Mumbai Indians,S Badrinath,SK Raina,SL Malinga,4,0,,,,,,,,,
419125,2009/10,2010-03-25,Brabourne Stadium,1,12.3,Chennai Super Kings,Mumbai Indians,S Badrinath,SK Raina,SL Malinga,0,0,,,,,,,,,
419125,2009/10,2010-03-25,Brabourne Stadium,1,12.4,Chennai Super Kings,Mumbai Indians,S Badrinath,SK Raina,SL Malinga,0,1,1,,,,,,,,
419125,2009/10,2010-03-25,Brabourne Stadium,1,12.5,Chennai Super Kings,Mumbai Indians,S Badrinath,SK Raina,SL Malinga,1,0,,,,,,,,,
419125,2009/10,2010-03-25,Brabourne Stadium,1,12.6,Chennai Super Kings,Mumbai Indians,SK Raina,S Badrinath,SL Malinga,4,0,,,,,,,,,
419125,2009/10,2010-03-25,Brabourne Stadium,1,12.7,Chennai Super Kings,Mumbai Indians,SK Raina,S Badrinath,SL Malinga,0,0,,,,,,,,,
419125,2009/10,2010-03-25,Brabourne Stadium,1,13.1,Chennai Super Kings,Mumbai Indians,S Badrinath,SK Raina,R McLaren,4,0,,,,,,,,,
419125,2009/10,2010-03-25,Brabourne Stadium,1,13.2,Chennai Super Kings,Mumbai Indians,S Badrinath,SK Raina,R McLaren,1,0,,,,,,,,,
419125,2009/10,2010-03-25,Brabourne Stadium,1,13.3,Chennai Super Kings,Mumbai Indians,SK Raina,S Badrinath,R McLaren,1,0,,,,,,,,,
419125,2009/10,2010-03-25,Brabourne Stadium,1,13.4,Chennai Super Kings,Mumbai Indians,S Badrinath,SK Raina,R McLaren,0,0,,,,,,,,,
419125,2009/10,2010-03-25,Brabourne Stadium,1,13.5,Chennai Super Kings,Mumbai Indians,S Badrinath,SK Raina,R McLaren,0,1,1,,,,,,,,
419125,2009/10,2010-03-25,Brabourne Stadium,1,13.6,Chennai Super Kings,Mumbai Indians,S Badrinath,SK Raina,R McLaren,0,0,,,,,,,,,
419125,2009/10,2010-03-25,Brabourne Stadium,1,13.7,Chennai Super Kings,Mumbai Indians,S Badrinath,SK Raina,R McLaren,1,0,,,,,,,,,
419125,2009/10,2010-03-25,Brabourne Stadium,1,14.1,Chennai Super Kings,Mumbai Indians,S Badrinath,SK Raina,Harbhajan Singh,2,0,,,,,,,,,
419125,2009/10,2010-03-25,Brabourne Stadium,1,14.2,Chennai Super Kings,Mumbai Indians,S Badrinath,SK Raina,Harbhajan Singh,1,0,,,,,,,,,
419125,2009/10,2010-03-25,Brabourne Stadium,1,14.3,Chennai Super Kings,Mumbai Indians,SK Raina,S Badrinath,Harbhajan Singh,1,0,,,,,,,,,
419125,2009/10,2010-03-25,Brabourne Stadium,1,14.4,Chennai Super Kings,Mumbai Indians,S Badrinath,SK Raina,Harbhajan Singh,0,0,,,,,,,,,
419125,2009/10,2010-03-25,Brabourne Stadium,1,14.5,Chennai Super Kings,Mumbai Indians,S Badrinath,SK Raina,Harbhajan Singh,1,0,,,,,,,,,
419125,2009/10,2010-03-25,Brabourne Stadium,1,14.6,Chennai Super Kings,Mumbai Indians,SK Raina,S Badrinath,Harbhajan Singh,1,0,,,,,,,,,
419125,2009/10,2010-03-25,Brabourne Stadium,1,15.1,Chennai Super Kings,Mumbai Indians,SK Raina,S Badrinath,Z Khan,1,0,,,,,,,,,
419125,2009/10,2010-03-25,Brabourne Stadium,1,15.2,Chennai Super Kings,Mumbai Indians,S Badrinath,SK Raina,Z Khan,1,0,,,,,,,,,
419125,2009/10,2010-03-25,Brabourne Stadium,1,15.3,Chennai Super Kings,Mumbai Indians,SK Raina,S Badrinath,Z Khan,1,0,,,,,,,,,
419125,2009/10,2010-03-25,Brabourne Stadium,1,15.4,Chennai Super Kings,Mumbai Indians,S Badrinath,SK Raina,Z Khan,2,0,,,,,,,,,
419125,2009/10,2010-03-25,Brabourne Stadium,1,15.5,Chennai Super Kings,Mumbai Indians,S Badrinath,SK Raina,Z Khan,1,0,,,,,,,,,
419125,2009/10,2010-03-25,Brabourne Stadium,1,15.6,Chennai Super Kings,Mumbai Indians,SK Raina,S Badrinath,Z Khan,4,0,,,,,,,,,
419125,2009/10,2010-03-25,Brabourne Stadium,1,16.1,Chennai Super Kings,Mumbai Indians,S Badrinath,SK Raina,SL Malinga,0,1,,,,1,,,,,
419125,2009/10,2010-03-25,Brabourne Stadium,1,16.2,Chennai Super Kings,Mumbai Indians,SK Raina,S Badrinath,SL Malinga,0,0,,,,,,,,,
419125,2009/10,2010-03-25,Brabourne Stadium,1,16.3,Chennai Super Kings,Mumbai Indians,SK Raina,S Badrinath,SL Malinga,6,0,,,,,,,,,
419125,2009/10,2010-03-25,Brabourne Stadium,1,16.4,Chennai Super Kings,Mumbai Indians,SK Raina,S Badrinath,SL Malinga,2,0,,,,,,,,,
419125,2009/10,2010-03-25,Brabourne Stadium,1,16.5,Chennai Super Kings,Mumbai Indians,SK Raina,S Badrinath,SL Malinga,1,0,,,,,,,,,
419125,2009/10,2010-03-25,Brabourne Stadium,1,16.6,Chennai Super Kings,Mumbai Indians,S Badrinath,SK Raina,SL Malinga,0,1,1,,,,,,,,
419125,2009/10,2010-03-25,Brabourne Stadium,1,16.7,Chennai Super Kings,Mumbai Indians,S Badrinath,SK Raina,SL Malinga,4,0,,,,,,,,,
419125,2009/10,2010-03-25,Brabourne Stadium,1,17.1,Chennai Super Kings,Mumbai Indians,SK Raina,S Badrinath,DJ Bravo,1,0,,,,,,,,,
419125,2009/10,2010-03-25,Brabourne Stadium,1,17.2,Chennai Super Kings,Mumbai Indians,S Badrinath,SK Raina,DJ Bravo,4,0,,,,,,,,,
419125,2009/10,2010-03-25,Brabourne Stadium,1,17.3,Chennai Super Kings,Mumbai Indians,S Badrinath,SK Raina,DJ Bravo,1,0,,,,,,,,,
419125,2009/10,2010-03-25,Brabourne Stadium,1,17.4,Chennai Super Kings,Mumbai Indians,SK Raina,S Badrinath,DJ Bravo,1,0,,,,,,,,,
419125,2009/10,2010-03-25,Brabourne Stadium,1,17.5,Chennai Super Kings,Mumbai Indians,S Badrinath,SK Raina,DJ Bravo,2,0,,,,,,,,,
419125,2009/10,2010-03-25,Brabourne Stadium,1,17.6,Chennai Super Kings,Mumbai Indians,S Badrinath,SK Raina,DJ Bravo,1,0,,,,,,,,,
419125,2009/10,2010-03-25,Brabourne Stadium,1,18.1,Chennai Super Kings,Mumbai Indians,S Badrinath,SK Raina,Z Khan,1,0,,,,,,,,,
419125,2009/10,2010-03-25,Brabourne Stadium,1,18.2,Chennai Super Kings,Mumbai Indians,SK Raina,S Badrinath,Z Khan,1,0,,,,,,,,,
419125,2009/10,2010-03-25,Brabourne Stadium,1,18.3,Chennai Super Kings,Mumbai Indians,S Badrinath,SK Raina,Z Khan,4,0,,,,,,,,,
419125,2009/10,2010-03-25,Brabourne Stadium,1,18.4,Chennai Super Kings,Mumbai Indians,S Badrinath,SK Raina,Z Khan,1,0,,,,,,,,,
419125,2009/10,2010-03-25,Brabourne Stadium,1,18.5,Chennai Super Kings,Mumbai Indians,SK Raina,S Badrinath,Z Khan,4,0,,,,,,,,,
419125,2009/10,2010-03-25,Brabourne Stadium,1,18.6,Chennai Super Kings,Mumbai Indians,SK Raina,S Badrinath,Z Khan,1,0,,,,,,,,,
419125,2009/10,2010-03-25,Brabourne Stadium,1,19.1,Chennai Super Kings,Mumbai Indians,SK Raina,S Badrinath,SL Malinga,1,0,,,,,,,,,
419125,2009/10,2010-03-25,Brabourne Stadium,1,19.2,Chennai Super Kings,Mumbai Indians,S Badrinath,SK Raina,SL Malinga,1,0,,,,,,,,,
419125,2009/10,2010-03-25,Brabourne Stadium,1,19.3,Chennai Super Kings,Mumbai Indians,SK Raina,S Badrinath,SL Malinga,1,0,,,,,,,,,
419125,2009/10,2010-03-25,Brabourne Stadium,1,19.4,Chennai Super Kings,Mumbai Indians,S Badrinath,SK Raina,SL Malinga,1,0,,,,,,,,,
419125,2009/10,2010-03-25,Brabourne Stadium,1,19.5,Chennai Super Kings,Mumbai Indians,SK Raina,S Badrinath,SL Malinga,0,1,1,,,,,,,,
419125,2009/10,2010-03-25,Brabourne Stadium,1,19.6,Chennai Super Kings,Mumbai Indians,SK Raina,S Badrinath,SL Malinga,1,0,,,,,,,,,
419125,2009/10,2010-03-25,Brabourne Stadium,1,19.7,Chennai Super Kings,Mumbai Indians,S Badrinath,SK Raina,SL Malinga,1,0,,,,,,,,,
419125,2009/10,2010-03-25,Brabourne Stadium,2,0.1,Mumbai Indians,Chennai Super Kings,S Dhawan,SR Tendulkar,JA Morkel,0,0,,,,,,,,,
419125,2009/10,2010-03-25,Brabourne Stadium,2,0.2,Mumbai Indians,Chennai Super Kings,S Dhawan,SR Tendulkar,JA Morkel,1,0,,,,,,,,,
419125,2009/10,2010-03-25,Brabourne Stadium,2,0.3,Mumbai Indians,Chennai Super Kings,SR Tendulkar,S Dhawan,JA Morkel,0,0,,,,,,,,,
419125,2009/10,2010-03-25,Brabourne Stadium,2,0.4,Mumbai Indians,Chennai Super Kings,SR Tendulkar,S Dhawan,JA Morkel,0,0,,,,,,,,,
419125,2009/10,2010-03-25,Brabourne Stadium,2,0.5,Mumbai Indians,Chennai Super Kings,SR Tendulkar,S Dhawan,JA Morkel,4,0,,,,,,,,,
419125,2009/10,2010-03-25,Brabourne Stadium,2,0.6,Mumbai Indians,Chennai Super Kings,SR Tendulkar,S Dhawan,JA Morkel,0,1,,,,1,,,,,
419125,2009/10,2010-03-25,Brabourne Stadium,2,1.1,Mumbai Indians,Chennai Super Kings,SR Tendulkar,S Dhawan,L Balaji,1,0,,,,,,,,,
419125,2009/10,2010-03-25,Brabourne Stadium,2,1.2,Mumbai Indians,Chennai Super Kings,S Dhawan,SR Tendulkar,L Balaji,0,0,,,,,,,,,
419125,2009/10,2010-03-25,Brabourne Stadium,2,1.3,Mumbai Indians,Chennai Super Kings,S Dhawan,SR Tendulkar,L Balaji,4,0,,,,,,,,,
419125,2009/10,2010-03-25,Brabourne Stadium,2,1.4,Mumbai Indians,Chennai Super Kings,S Dhawan,SR Tendulkar,L Balaji,0,5,5,,,,,,,,
419125,2009/10,2010-03-25,Brabourne Stadium,2,1.5,Mumbai Indians,Chennai Super Kings,S Dhawan,SR Tendulkar,L Balaji,1,0,,,,,,,,,
419125,2009/10,2010-03-25,Brabourne Stadium,2,1.6,Mumbai Indians,Chennai Super Kings,SR Tendulkar,S Dhawan,L Balaji,0,0,,,,,,,,,
419125,2009/10,2010-03-25,Brabourne Stadium,2,1.7,Mumbai Indians,Chennai Super Kings,SR Tendulkar,S Dhawan,L Balaji,2,0,,,,,,,,,
419125,2009/10,2010-03-25,Brabourne Stadium,2,2.1,Mumbai Indians,Chennai Super Kings,S Dhawan,SR Tendulkar,JA Morkel,2,0,,,,,,,,,
419125,2009/10,2010-03-25,Brabourne Stadium,2,2.2,Mumbai Indians,Chennai Super Kings,S Dhawan,SR Tendulkar,JA Morkel,0,1,1,,,,,,,,
419125,2009/10,2010-03-25,Brabourne Stadium,2,2.3,Mumbai Indians,Chennai Super Kings,S Dhawan,SR Tendulkar,JA Morkel,0,0,,,,,,,,,
419125,2009/10,2010-03-25,Brabourne Stadium,2,2.4,Mumbai Indians,Chennai Super Kings,S Dhawan,SR Tendulkar,JA Morkel,1,0,,,,,,,,,
419125,2009/10,2010-03-25,Brabourne Stadium,2,2.5,Mumbai Indians,Chennai Super Kings,SR Tendulkar,S Dhawan,JA Morkel,0,0,,,,,,,,,
419125,2009/10,2010-03-25,Brabourne Stadium,2,2.6,Mumbai Indians,Chennai Super Kings,SR Tendulkar,S Dhawan,JA Morkel,0,1,1,,,,,,,,
419125,2009/10,2010-03-25,Brabourne Stadium,2,2.7,Mumbai Indians,Chennai Super Kings,SR Tendulkar,S Dhawan,JA Morkel,1,0,,,,,,,,,
419125,2009/10,2010-03-25,Brabourne Stadium,2,2.8,Mumbai Indians,Chennai Super Kings,S Dhawan,SR Tendulkar,JA Morkel,1,0,,,,,,,,,
419125,2009/10,2010-03-25,Brabourne Stadium,2,3.1,Mumbai Indians,Chennai Super Kings,S Dhawan,SR Tendulkar,L Balaji,0,0,,,,,,,,,
419125,2009/10,2010-03-25,Brabourne Stadium,2,3.2,Mumbai Indians,Chennai Super Kings,S Dhawan,SR Tendulkar,L Balaji,1,0,,,,,,,,,
419125,2009/10,2010-03-25,Brabourne Stadium,2,3.3,Mumbai Indians,Chennai Super Kings,SR Tendulkar,S Dhawan,L Balaji,1,0,,,,,,,,,
419125,2009/10,2010-03-25,Brabourne Stadium,2,3.4,Mumbai Indians,Chennai Super Kings,S Dhawan,SR Tendulkar,L Balaji,1,0,,,,,,,,,
419125,2009/10,2010-03-25,Brabourne Stadium,2,3.5,Mumbai Indians,Chennai Super Kings,SR Tendulkar,S Dhawan,L Balaji,4,0,,,,,,,,,
419125,2009/10,2010-03-25,Brabourne Stadium,2,3.6,Mumbai Indians,Chennai Super Kings,SR Tendulkar,S Dhawan,L Balaji,1,0,,,,,,,,,
419125,2009/10,2010-03-25,Brabourne Stadium,2,4.1,Mumbai Indians,Chennai Super Kings,SR Tendulkar,S Dhawan,Joginder Sharma,1,0,,,,,,,,,
419125,2009/10,2010-03-25,Brabourne Stadium,2,4.2,Mumbai Indians,Chennai Super Kings,S Dhawan,SR Tendulkar,Joginder Sharma,4,0,,,,,,,,,
419125,2009/10,2010-03-25,Brabourne Stadium,2,4.3,Mumbai Indians,Chennai Super Kings,S Dhawan,SR Tendulkar,Joginder Sharma,0,0,,,,,,,,,
419125,2009/10,2010-03-25,Brabourne Stadium,2,4.4,Mumbai Indians,Chennai Super Kings,S Dhawan,SR Tendulkar,Joginder Sharma,4,1,,1,,,,,,,
419125,2009/10,2010-03-25,Brabourne Stadium,2,4.5,Mumbai Indians,Chennai Super Kings,S Dhawan,SR Tendulkar,Joginder Sharma,4,0,,,,,,,,,
419125,2009/10,2010-03-25,Brabourne Stadium,2,4.6,Mumbai Indians,Chennai Super Kings,S Dhawan,SR Tendulkar,Joginder Sharma,0,1,1,,,,,,,,
419125,2009/10,2010-03-25,Brabourne Stadium,2,4.7,Mumbai Indians,Chennai Super Kings,S Dhawan,SR Tendulkar,Joginder Sharma,1,0,,,,,,,,,
419125,2009/10,2010-03-25,Brabourne Stadium,2,4.8,Mumbai Indians,Chennai Super Kings,SR Tendulkar,S Dhawan,Joginder Sharma,0,0,,,,,,,,,
419125,2009/10,2010-03-25,Brabourne Stadium,2,5.1,Mumbai Indians,Chennai Super Kings,S Dhawan,SR Tendulkar,L Balaji,0,0,,,,,,,,,
419125,2009/10,2010-03-25,Brabourne Stadium,2,5.2,Mumbai Indians,Chennai Super Kings,S Dhawan,SR Tendulkar,L Balaji,0,0,,,,,,,,,
419125,2009/10,2010-03-25,Brabourne Stadium,2,5.3,Mumbai Indians,Chennai Super Kings,S Dhawan,SR Tendulkar,L Balaji,0,0,,,,,,,,,
419125,2009/10,2010-03-25,Brabourne Stadium,2,5.4,Mumbai Indians,Chennai Super Kings,S Dhawan,SR Tendulkar,L Balaji,6,0,,,,,,,,,
419125,2009/10,2010-03-25,Brabourne Stadium,2,5.5,Mumbai Indians,Chennai Super Kings,S Dhawan,SR Tendulkar,L Balaji,6,0,,,,,,,,,
419125,2009/10,2010-03-25,Brabourne Stadium,2,5.6,Mumbai Indians,Chennai Super Kings,S Dhawan,SR Tendulkar,L Balaji,1,0,,,,,,,,,
419125,2009/10,2010-03-25,Brabourne Stadium,2,6.1,Mumbai Indians,Chennai Super Kings,S Dhawan,SR Tendulkar,SB Jakati,4,0,,,,,,,,,
419125,2009/10,2010-03-25,Brabourne Stadium,2,6.2,Mumbai Indians,Chennai Super Kings,S Dhawan,SR Tendulkar,SB Jakati,1,0,,,,,,,,,
419125,2009/10,2010-03-25,Brabourne Stadium,2,6.3,Mumbai Indians,Chennai Super Kings,SR Tendulkar,S Dhawan,SB Jakati,0,0,,,,,,,,,
419125,2009/10,2010-03-25,Brabourne Stadium,2,6.4,Mumbai Indians,Chennai Super Kings,SR Tendulkar,S Dhawan,SB Jakati,4,0,,,,,,,,,
419125,2009/10,2010-03-25,Brabourne Stadium,2,6.5,Mumbai Indians,Chennai Super Kings,SR Tendulkar,S Dhawan,SB Jakati,1,0,,,,,,,,,
419125,2009/10,2010-03-25,Brabourne Stadium,2,6.6,Mumbai Indians,Chennai Super Kings,S Dhawan,SR Tendulkar,SB Jakati,0,1,,,,1,,,,,
419125,2009/10,2010-03-25,Brabourne Stadium,2,7.1,Mumbai Indians,Chennai Super Kings,S Dhawan,SR Tendulkar,M Muralitharan,0,0,,,,,,,,,
419125,2009/10,2010-03-25,Brabourne Stadium,2,7.2,Mumbai Indians,Chennai Super Kings,S Dhawan,SR Tendulkar,M Muralitharan,2,0,,,,,,,,,
419125,2009/10,2010-03-25,Brabourne Stadium,2,7.3,Mumbai Indians,Chennai Super Kings,S Dhawan,SR Tendulkar,M Muralitharan,1,0,,,,,,,,,
419125,2009/10,2010-03-25,Brabourne Stadium,2,7.4,Mumbai Indians,Chennai Super Kings,SR Tendulkar,S Dhawan,M Muralitharan,0,1,1,,,,,,,,
419125,2009/10,2010-03-25,Brabourne Stadium,2,7.5,Mumbai Indians,Chennai Super Kings,SR Tendulkar,S Dhawan,M Muralitharan,2,0,,,,,,,,,
419125,2009/10,2010-03-25,Brabourne Stadium,2,7.6,Mumbai Indians,Chennai Super Kings,SR Tendulkar,S Dhawan,M Muralitharan,1,0,,,,,,,,,
419125,2009/10,2010-03-25,Brabourne Stadium,2,7.7,Mumbai Indians,Chennai Super Kings,S Dhawan,SR Tendulkar,M Muralitharan,1,0,,,,,,,,,
419125,2009/10,2010-03-25,Brabourne Stadium,2,8.1,Mumbai Indians,Chennai Super Kings,S Dhawan,SR Tendulkar,SB Jakati,6,0,,,,,,,,,
419125,2009/10,2010-03-25,Brabourne Stadium,2,8.2,Mumbai Indians,Chennai Super Kings,S Dhawan,SR Tendulkar,SB Jakati,2,0,,,,,,,,,
419125,2009/10,2010-03-25,Brabourne Stadium,2,8.3,Mumbai Indians,Chennai Super Kings,S Dhawan,SR Tendulkar,SB Jakati,1,0,,,,,,,,,
419125,2009/10,2010-03-25,Brabourne Stadium,2,8.4,Mumbai Indians,Chennai Super Kings,SR Tendulkar,S Dhawan,SB Jakati,1,0,,,,,,,,,
419125,2009/10,2010-03-25,Brabourne Stadium,2,8.5,Mumbai Indians,Chennai Super Kings,S Dhawan,SR Tendulkar,SB Jakati,0,0,,,,,,caught,S Dhawan,,
419125,2009/10,2010-03-25,Brabourne Stadium,2,8.6,Mumbai Indians,Chennai Super Kings,SR Tendulkar,SS Tiwary,SB Jakati,2,0,,,,,,,,,
419125,2009/10,2010-03-25,Brabourne Stadium,2,9.1,Mumbai Indians,Chennai Super Kings,SS Tiwary,SR Tendulkar,M Muralitharan,2,0,,,,,,,,,
419125,2009/10,2010-03-25,Brabourne Stadium,2,9.2,Mumbai Indians,Chennai Super Kings,SS Tiwary,SR Tendulkar,M Muralitharan,0,0,,,,,,,,,
419125,2009/10,2010-03-25,Brabourne Stadium,2,9.3,Mumbai Indians,Chennai Super Kings,SS Tiwary,SR Tendulkar,M Muralitharan,0,0,,,,,,lbw,SS Tiwary,,
419125,2009/10,2010-03-25,Brabourne Stadium,2,9.4,Mumbai Indians,Chennai Super Kings,R Sathish,SR Tendulkar,M Muralitharan,1,0,,,,,,,,,
419125,2009/10,2010-03-25,Brabourne Stadium,2,9.5,Mumbai Indians,Chennai Super Kings,SR Tendulkar,R Sathish,M Muralitharan,0,0,,,,,,,,,
419125,2009/10,2010-03-25,Brabourne Stadium,2,9.6,Mumbai Indians,Chennai Super Kings,SR Tendulkar,R Sathish,M Muralitharan,1,0,,,,,,,,,
419125,2009/10,2010-03-25,Brabourne Stadium,2,10.1,Mumbai Indians,Chennai Super Kings,SR Tendulkar,R Sathish,SB Jakati,0,0,,,,,,,,,
419125,2009/10,2010-03-25,Brabourne Stadium,2,10.2,Mumbai Indians,Chennai Super Kings,SR Tendulkar,R Sathish,SB Jakati,0,1,,,,1,,,,,
419125,2009/10,2010-03-25,Brabourne Stadium,2,10.3,Mumbai Indians,Chennai Super Kings,R Sathish,SR Tendulkar,SB Jakati,0,0,,,,,,,,,
419125,2009/10,2010-03-25,Brabourne Stadium,2,10.4,Mumbai Indians,Chennai Super Kings,R Sathish,SR Tendulkar,SB Jakati,0,0,,,,,,,,,
419125,2009/10,2010-03-25,Brabourne Stadium,2,10.5,Mumbai Indians,Chennai Super Kings,R Sathish,SR Tendulkar,SB Jakati,1,0,,,,,,,,,
419125,2009/10,2010-03-25,Brabourne Stadium,2,10.6,Mumbai Indians,Chennai Super Kings,SR Tendulkar,R Sathish,SB Jakati,1,0,,,,,,,,,
419125,2009/10,2010-03-25,Brabourne Stadium,2,11.1,Mumbai Indians,Chennai Super Kings,SR Tendulkar,R Sathish,JA Morkel,1,0,,,,,,,,,
419125,2009/10,2010-03-25,Brabourne Stadium,2,11.2,Mumbai Indians,Chennai Super Kings,R Sathish,SR Tendulkar,JA Morkel,0,0,,,,,,,,,
419125,2009/10,2010-03-25,Brabourne Stadium,2,11.3,Mumbai Indians,Chennai Super Kings,R Sathish,SR Tendulkar,JA Morkel,0,0,,,,,,,,,
419125,2009/10,2010-03-25,Brabourne Stadium,2,11.4,Mumbai Indians,Chennai Super Kings,R Sathish,SR Tendulkar,JA Morkel,2,0,,,,,,,,,
419125,2009/10,2010-03-25,Brabourne Stadium,2,11.5,Mumbai Indians,Chennai Super Kings,R Sathish,SR Tendulkar,JA Morkel,1,0,,,,,,,,,
419125,2009/10,2010-03-25,Brabourne Stadium,2,11.6,Mumbai Indians,Chennai Super Kings,SR Tendulkar,R Sathish,JA Morkel,1,0,,,,,,,,,
419125,2009/10,2010-03-25,Brabourne Stadium,2,12.1,Mumbai Indians,Chennai Super Kings,SR Tendulkar,R Sathish,M Muralitharan,2,0,,,,,,,,,
419125,2009/10,2010-03-25,Brabourne Stadium,2,12.2,Mumbai Indians,Chennai Super Kings,SR Tendulkar,R Sathish,M Muralitharan,6,0,,,,,,,,,
419125,2009/10,2010-03-25,Brabourne Stadium,2,12.3,Mumbai Indians,Chennai Super Kings,SR Tendulkar,R Sathish,M Muralitharan,2,0,,,,,,,,,
419125,2009/10,2010-03-25,Brabourne Stadium,2,12.4,Mumbai Indians,Chennai Super Kings,SR Tendulkar,R Sathish,M Muralitharan,0,0,,,,,,,,,
419125,2009/10,2010-03-25,Brabourne Stadium,2,12.5,Mumbai Indians,Chennai Super Kings,SR Tendulkar,R Sathish,M Muralitharan,2,0,,,,,,,,,
419125,2009/10,2010-03-25,Brabourne Stadium,2,12.6,Mumbai Indians,Chennai Super Kings,SR Tendulkar,R Sathish,M Muralitharan,1,0,,,,,,,,,
419125,2009/10,2010-03-25,Brabourne Stadium,2,13.1,Mumbai Indians,Chennai Super Kings,SR Tendulkar,R Sathish,Joginder Sharma,1,0,,,,,,,,,
419125,2009/10,2010-03-25,Brabourne Stadium,2,13.2,Mumbai Indians,Chennai Super Kings,R Sathish,SR Tendulkar,Joginder Sharma,0,0,,,,,,bowled,R Sathish,,
419125,2009/10,2010-03-25,Brabourne Stadium,2,13.3,Mumbai Indians,Chennai Super Kings,KA Pollard,SR Tendulkar,Joginder Sharma,0,0,,,,,,,,,
419125,2009/10,2010-03-25,Brabourne Stadium,2,13.4,Mumbai Indians,Chennai Super Kings,KA Pollard,SR Tendulkar,Joginder Sharma,1,0,,,,,,,,,
419125,2009/10,2010-03-25,Brabourne Stadium,2,13.5,Mumbai Indians,Chennai Super Kings,SR Tendulkar,KA Pollard,Joginder Sharma,1,0,,,,,,,,,
419125,2009/10,2010-03-25,Brabourne Stadium,2,13.6,Mumbai Indians,Chennai Super Kings,KA Pollard,SR Tendulkar,Joginder Sharma,4,0,,,,,,,,,
419125,2009/10,2010-03-25,Brabourne Stadium,2,14.1,Mumbai Indians,Chennai Super Kings,SR Tendulkar,KA Pollard,SB Jakati,4,0,,,,,,,,,
419125,2009/10,2010-03-25,Brabourne Stadium,2,14.2,Mumbai Indians,Chennai Super Kings,SR Tendulkar,KA Pollard,SB Jakati,0,1,,,,1,,,,,
419125,2009/10,2010-03-25,Brabourne Stadium,2,14.3,Mumbai Indians,Chennai Super Kings,KA Pollard,SR Tendulkar,SB Jakati,1,0,,,,,,,,,
419125,2009/10,2010-03-25,Brabourne Stadium,2,14.4,Mumbai Indians,Chennai Super Kings,SR Tendulkar,KA Pollard,SB Jakati,0,0,,,,,,,,,
419125,2009/10,2010-03-25,Brabourne Stadium,2,14.5,Mumbai Indians,Chennai Super Kings,SR Tendulkar,KA Pollard,SB Jakati,1,0,,,,,,,,,
419125,2009/10,2010-03-25,Brabourne Stadium,2,14.6,Mumbai Indians,Chennai Super Kings,KA Pollard,SR Tendulkar,SB Jakati,0,0,,,,,,,,,
419125,2009/10,2010-03-25,Brabourne Stadium,2,15.1,Mumbai Indians,Chennai Super Kings,SR Tendulkar,KA Pollard,NLTC Perera,4,0,,,,,,,,,
419125,2009/10,2010-03-25,Brabourne Stadium,2,15.2,Mumbai Indians,Chennai Super Kings,SR Tendulkar,KA Pollard,NLTC Perera,2,0,,,,,,,,,
419125,2009/10,2010-03-25,Brabourne Stadium,2,15.3,Mumbai Indians,Chennai Super Kings,SR Tendulkar,KA Pollard,NLTC Perera,4,0,,,,,,,,,
419125,2009/10,2010-03-25,Brabourne Stadium,2,15.4,Mumbai Indians,Chennai Super Kings,SR Tendulkar,KA Pollard,NLTC Perera,1,0,,,,,,,,,
419125,2009/10,2010-03-25,Brabourne Stadium,2,15.5,Mumbai Indians,Chennai Super Kings,KA Pollard,SR Tendulkar,NLTC Perera,4,0,,,,,,,,,
419125,2009/10,2010-03-25,Brabourne Stadium,2,15.6,Mumbai Indians,Chennai Super Kings,KA Pollard,SR Tendulkar,NLTC Perera,4,0,,,,,,,,,
419125,2009/10,2010-03-25,Brabourne Stadium,2,16.1,Mumbai Indians,Chennai Super Kings,SR Tendulkar,KA Pollard,M Muralitharan,0,0,,,,,,,,,
419125,2009/10,2010-03-25,Brabourne Stadium,2,16.2,Mumbai Indians,Chennai Super Kings,SR Tendulkar,KA Pollard,M Muralitharan,1,0,,,,,,,,,
419125,2009/10,2010-03-25,Brabourne Stadium,2,16.3,Mumbai Indians,Chennai Super Kings,KA Pollard,SR Tendulkar,M Muralitharan,6,0,,,,,,,,,
419125,2009/10,2010-03-25,Brabourne Stadium,2,16.4,Mumbai Indians,Chennai Super Kings,KA Pollard,SR Tendulkar,M Muralitharan,0,0,,,,,,bowled,KA Pollard,,
419125,2009/10,2010-03-25,Brabourne Stadium,2,16.5,Mumbai Indians,Chennai Super Kings,DJ Bravo,SR Tendulkar,M Muralitharan,0,0,,,,,,,,,
419125,2009/10,2010-03-25,Brabourne Stadium,2,16.6,Mumbai Indians,Chennai Super Kings,DJ Bravo,SR Tendulkar,M Muralitharan,0,0,,,,,,,,,
419125,2009/10,2010-03-25,Brabourne Stadium,2,17.1,Mumbai Indians,Chennai Super Kings,SR Tendulkar,DJ Bravo,JA Morkel,1,0,,,,,,,,,
419125,2009/10,2010-03-25,Brabourne Stadium,2,17.2,Mumbai Indians,Chennai Super Kings,DJ Bravo,SR Tendulkar,JA Morkel,2,0,,,,,,,,,
419125,2009/10,2010-03-25,Brabourne Stadium,2,17.3,Mumbai Indians,Chennai Super Kings,DJ Bravo,SR Tendulkar,JA Morkel,1,0,,,,,,,,,
419125,2009/10,2010-03-25,Brabourne Stadium,2,17.4,Mumbai Indians,Chennai Super Kings,SR Tendulkar,DJ Bravo,JA Morkel,4,0,,,,,,,,,
419125,2009/10,2010-03-25,Brabourne Stadium,2,17.5,Mumbai Indians,Chennai Super Kings,SR Tendulkar,DJ Bravo,JA Morkel,0,0,,,,,,,,,
419125,2009/10,2010-03-25,Brabourne Stadium,2,17.6,Mumbai Indians,Chennai Super Kings,SR Tendulkar,DJ Bravo,JA Morkel,1,0,,,,,,,,,
419125,2009/10,2010-03-25,Brabourne Stadium,2,18.1,Mumbai Indians,Chennai Super Kings,SR Tendulkar,DJ Bravo,L Balaji,4,0,,,,,,,,,
419125,2009/10,2010-03-25,Brabourne Stadium,2,18.2,Mumbai Indians,Chennai Super Kings,SR Tendulkar,DJ Bravo,L Balaji,0,0,,,,,,caught,SR Tendulkar,,
419125,2009/10,2010-03-25,Brabourne Stadium,2,18.3,Mumbai Indians,Chennai Super Kings,DJ Bravo,R McLaren,L Balaji,1,0,,,,,,,,,
419125,2009/10,2010-03-25,Brabourne Stadium,2,18.4,Mumbai Indians,Chennai Super Kings,R McLaren,DJ Bravo,L Balaji,1,0,,,,,,,,,
419125,2009/10,2010-03-25,Brabourne Stadium,2,18.5,Mumbai Indians,Chennai Super Kings,DJ Bravo,R McLaren,L Balaji,6,0,,,,,,,,,
419125,2009/10,2010-03-25,Brabourne Stadium,2,18.6,Mumbai Indians,Chennai Super Kings,DJ Bravo,R McLaren,L Balaji,1,0,,,,,,,,,
